Name,Priority,Treatment
Aaliyah,152,62
Abbigail,104,75
Abby,214,80
Abigail,157,60
Abilene,277,61
Abril,87,70
Ada,213,83
Adaline,143,81
Adalyn,219,76
Adalynn,94,62
Addilyn,213,88
Addison,70,56
Addisyn,218,49
Addyson,270,82
Adelaide,287,69
Adele,111,45
Adelina,197,49
Adeline,170,46
Adelyn,66,84
Adelynn,116,90
Adilene,72,60
Adilyn,220,78
Adilynn,129,65
Adley,229,70
Adriana,151,34
Adrianna,65,66
Agnes,32,68
Ailani,226,68
Aileen,266,47
Ailyn,212,33
Aimee,298,68
Ainsley,195,39
Aisha,96,35
Aitana,233,32
Aiyana,263,76
Aiyanna,206,85
Alaia,243,72
Alaina,152,49
Alana,276,86
Alani,178,75
Alanna,214,78
Alayah,178,55
Alayna,149,83
Aleah,229,77
Aleena,79,68
Alejandra,216,58
Alena,191,87
Alessa,261,84
Alessandra,112,55
Alexa,182,47
Alexandra,174,43
Alexandria,297,73
Alexia,291,86
Alexis,60,65
Alia,296,42
Aliah,241,57
Alice,105,45
Alicia,209,54
Alina,156,51
Alison,239,42
Alivia,171,33
Aliyah,192,63
Aliyana,116,59
Aliza,141,75
Allie,257,75
Allison,127,38
Ally,91,73
Allyson,210,45
Alma,270,34
Alondra,62,60
Alyssa,38,89
Amanda,31,50
Amara,104,72
Amari,287,43
Amaris,31,55
Amaya,253,59
Amber,78,36
Amelia,78,76
Amelie,31,49
America,68,46
Amethyst,294,35
Amina,76,33
Amira,238,52
Amiyah,90,37
Amy,163,51
Ana,171,37
Anabelle,163,75
Anahi,166,31
Anais,77,50
Analia,173,47
Analiyah,269,30
Anastasia,235,75
Anaya,242,56
Andrea,258,46
Angel,206,59
Angela,95,51
Angelica,230,87
Angelina,30,72
Anika,295,50
Aniyah,195,49
Ann,244,58
Anna,44,87
Annabel,119,35
Annabella,286,45
Annabelle,226,53
Annabeth,268,90
Annalee,120,75
Annalicia,176,76
Annalise,231,69
Anne,131,36
Annie,244,41
Annika,189,30
Ansley,92,45
Anya,90,76
April,189,70
Arabella,192,84
Araceli,53,39
Aranza,118,36
Arden,41,63
Arely,195,54
Aria,213,59
Ariadne,63,85
Ariah,39,42
Ariana,123,72
Arianna,79,79
Ariel,248,84
Ariella,237,48
Arielle,258,40
Ariya,185,53
Ariyah,121,43
Arleth,66,39
Arlette,245,50
Arya,209,41
Aryanna,300,86
Ashley,86,74
Ashlyn,54,39
Ashlynn,67,42
Aspen,65,75
Astrid,106,65
Athena,164,52
Aubree,118,53
Aubrey,269,56
Aubriana,255,80
Aubrie,264,50
Aubriella,32,67
Audrey,200,58
Audrina,115,78
Aurelia,217,70
Aurora,212,52
Austyn,236,62
Autumn,124,60
Ava,159,52
Avah,207,51
Aveline,54,80
Averie,291,30
Avery,42,39
Aviana,245,85
Avianna,70,60
Aya,169,71
Ayla,250,61
Ayleen,125,56
Aylin,207,90
Azalea,229,88
Bailey,135,72
Barbara,48,30
Beatrice,232,61
Belen,89,76
Bella,148,76
Belle,140,39
Bernice,207,81
Bertha,300,58
Bessie,105,42
Bethany,195,72
Betty,202,90
Beulah,90,59
Bianca,139,72
Blair,136,73
Blake,74,72
Blakely,183,80
Blanche,286,81
Bonnie,193,62
Braelyn,182,52
Braelynn,147,53
Brenda,34,35
Briana,84,31
Brianna,83,53
Briar,227,58
Bridget,129,74
Briella,148,67
Brielle,58,43
Brinley,209,64
Bristol,244,50
Brooke,273,79
Brooklyn,181,71
Brooklynn,172,37
Brylee,85,34
Brynlee,72,58
Brynley,111,69
Brynn,273,32
Cadence,67,57
Cali,268,68
Callie,239,47
Calliope,155,64
Cambria,71,79
Cameron,107,44
Camilla,85,62
Camille,255,52
Campbell,199,45
Camryn,257,84
Carla,203,30
Carly,261,72
Carmen,120,53
Carmen,244,77
Carol,269,90
Carolina,42,74
Caroline,260,85
Carolyn,52,71
Carter,189,87
Cassandra,134,65
Cassidy,139,57
Cataleya,179,46
Catalina,296,40
Catherine,161,45
Cecelia,98,49
Cecilia,51,32
Celeste,263,85
Charlee,113,70
Charleigh,168,38
Charley,278,70
Charli,207,55
Charlie,201,36
Charlotte,102,70
Cheyenne,95,46
Chloe,32,85
Christina,97,68
Claire,300,54
Clara,53,72
Clara,236,63
Clare,185,33
Claudia,167,35
Clementine,150,46
Clover,184,69
Colette,258,37
Collins,215,57
Cora,60,69
Cora,250,47
Coraline,273,69
Crystal,161,30
Cynthia,299,36
Dahlia,155,61
Daisy,225,42
Dakota,220,88
Dalary,92,46
Daleyza,183,90
Dallas,174,47
Dana,225,71
Daniella,180,58
Danielle,205,74
Danika,201,39
Danna,131,72
Daphne,37,76
Delaney,168,73
Delilah,252,71
Della,221,74
Destiny,294,82
Diana,86,85
Dora,191,42
Doris,123,32
Dorothy,188,54
Dulce,290,58
Dylan,187,69
Eden,73,74
Edith,86,89
Edna,90,39
Elaina,209,48
Elaine,96,45
Eleanor,65,66
Elena,89,65
Eliana,198,82
Elianna,34,56
Elin,203,46
Elisa,166,55
Elizabeth,61,44
Elizabeth,130,45
Ella,32,72
Ella,36,90
Elle,242,66
Ellen,192,37
Ellery,90,43
Elliana,188,41
Ellianna,127,84
Ellie,179,37
Eloise,238,39